{"tprs": [0.0, 0.011363636363636364, 0.9090909090909091, 0.9090909090909091, 0.9204545454545454, 0.9204545454545454, 0.9318181818181818, 0.9318181818181818, 0.9431818181818182, 0.9431818181818182, 0.9545454545454546, 0.9545454545454546, 0.9659090909090909, 0.9659090909090909, 0.9772727272727273, 0.9772727272727273, 0.9886363636363636, 0.9886363636363636, 1.0, 1.0, 1.0, 1.0, 1.0, 1.0, 1.0, 1.0, 1.0, 1.0, 1.0, 1.0, 1.0, 1.0, 1.0, 1.0, 1.0, 1.0, 1.0, 1.0, 1.0, 1.0, 1.0, 1.0, 1.0, 1.0, 1.0, 1.0, 1.0, 1.0, 1.0, 1.0, 1.0, 1.0, 1.0, 1.0, 1.0, 1.0, 1.0, 1.0, 1.0, 1.0, 1.0, 1.0, 1.0, 1.0, 1.0, 1.0, 1.0, 1.0, 1.0], "fprs": [0.0, 0.0, 0.0, 0.002506265664160401, 0.002506265664160401, 0.010025062656641603, 0.010025062656641603, 0.022556390977443608, 0.022556390977443608, 0.047619047619047616, 0.047619047619047616, 0.12406015037593984, 0.12406015037593984, 0.14411027568922305, 0.14411027568922305, 0.21804511278195488, 0.21804511278195488, 0.34711779448621555, 0.34711779448621555, 0.41228070175438597, 0.41478696741854637, 0.43734335839599, 0.4398496240601504, 0.5162907268170426, 0.518796992481203, 0.550125313283208, 0.5526315789473685, 0.5551378446115288, 0.5576441102756893, 0.5802005012531328, 0.5839598997493735, 0.5977443609022557, 0.6052631578947368, 0.6152882205513784, 0.6177944862155389, 0.6215538847117794, 0.6240601503759399, 0.6265664160401002, 0.6290726817042607, 0.631578947368421, 0.6340852130325815, 0.6441102756892231, 0.6578947368421053, 0.6616541353383458, 0.6641604010025063, 0.6691729323308271, 0.6716791979949874, 0.6779448621553885, 0.6829573934837093, 0.6867167919799498, 0.6892230576441103, 0.6904761904761905, 0.6929824561403509, 0.6954887218045113, 0.7117794486215538, 0.7205513784461153, 0.7243107769423559, 0.7268170426065163, 0.7380952380952381, 0.7406015037593985, 0.7431077694235589, 0.7481203007518797, 0.7493734335839599, 0.7581453634085213, 0.768170426065163, 0.7706766917293233, 0.7794486215538847, 0.7844611528822055, 1.0], "auc_scores": 0.989590453406243, "acc": 0.989841986455982, "sens": 0.9090909090909091, "spec": 0.9987468671679198, "f1": 0.9467455621301774, "mcc": 0.9421294561549312}