{"tprs": [0.0, 0.01818181818181818, 0.9454545454545454, 0.9454545454545454, 0.9818181818181818, 0.9818181818181818, 1.0, 1.0, 1.0, 1.0, 1.0, 1.0, 1.0, 1.0, 1.0, 1.0, 1.0, 1.0, 1.0, 1.0, 1.0, 1.0, 1.0, 1.0, 1.0, 1.0, 1.0, 1.0, 1.0, 1.0, 1.0, 1.0, 1.0, 1.0, 1.0, 1.0, 1.0, 1.0, 1.0, 1.0, 1.0, 1.0, 1.0, 1.0, 1.0, 1.0], "fprs": [0.0, 0.0, 0.0, 0.0020242914979757085, 0.0020242914979757085, 0.004048582995951417, 0.004048582995951417, 0.5910931174089069, 0.5951417004048583, 0.6336032388663968, 0.6376518218623481, 0.6578947368421053, 0.6619433198380567, 0.6700404858299596, 0.6740890688259109, 0.6902834008097166, 0.694331983805668, 0.6963562753036437, 0.7004048582995951, 0.7064777327935222, 0.7125506072874493, 0.7267206477732794, 0.7348178137651822, 0.7449392712550608, 0.7510121457489879, 0.7651821862348178, 0.7692307692307693, 0.7753036437246964, 0.7793522267206477, 0.7834008097165992, 0.7935222672064778, 0.7975708502024291, 0.8036437246963563, 0.805668016194332, 0.8097165991902834, 0.8117408906882592, 0.8157894736842105, 0.8279352226720648, 0.8340080971659919, 0.8380566801619433, 0.840080971659919, 0.8441295546558705, 0.9048582995951417, 0.9149797570850202, 0.9230769230769231, 1.0], "auc_scores": 0.9998527788001471, "acc": 0.994535519125683, "sens": 0.9636363636363636, "spec": 0.9979757085020243, "f1": 0.9724770642201834, "mcc": 0.969494270159083}