{"tprs": [0.0, 0.025, 0.075, 0.075, 0.1, 0.1, 0.525, 0.525, 0.725, 0.725, 0.85, 0.85, 0.9, 0.9, 0.925, 0.925, 0.95, 0.95, 0.975, 0.975, 1.0, 1.0, 1.0, 1.0, 1.0, 1.0, 1.0, 1.0, 1.0, 1.0, 1.0, 1.0, 1.0, 1.0, 1.0, 1.0, 1.0, 1.0, 1.0, 1.0, 1.0, 1.0, 1.0, 1.0, 1.0, 1.0, 1.0, 1.0, 1.0, 1.0, 1.0, 1.0, 1.0, 1.0, 1.0, 1.0, 1.0, 1.0, 1.0, 1.0, 1.0, 1.0, 1.0, 1.0, 1.0], "fprs": [0.0, 0.0, 0.0, 0.00273224043715847, 0.00273224043715847, 0.00546448087431694, 0.00546448087431694, 0.00819672131147541, 0.00819672131147541, 0.01092896174863388, 0.01092896174863388, 0.01912568306010929, 0.01912568306010929, 0.02459016393442623, 0.02459016393442623, 0.08743169398907104, 0.08743169398907104, 0.09289617486338798, 0.09289617486338798, 0.10655737704918032, 0.10655737704918032, 0.3114754098360656, 0.31693989071038253, 0.40710382513661203, 0.41530054644808745, 0.46994535519125685, 0.47540983606557374, 0.4890710382513661, 0.49453551912568305, 0.5, 0.505464480874317, 0.5163934426229508, 0.5218579234972678, 0.5355191256830601, 0.5491803278688525, 0.5546448087431693, 0.5628415300546448, 0.5710382513661202, 0.5792349726775956, 0.587431693989071, 0.5901639344262295, 0.5956284153005464, 0.5983606557377049, 0.6038251366120219, 0.6147540983606558, 0.6202185792349727, 0.6284153005464481, 0.6420765027322405, 0.6502732240437158, 0.6612021857923497, 0.6967213114754098, 0.7076502732240437, 0.7103825136612022, 0.7568306010928961, 0.773224043715847, 0.7786885245901639, 0.7841530054644809, 0.7896174863387978, 0.7923497267759563, 0.7978142076502732, 0.825136612021858, 0.8360655737704918, 0.8442622950819673, 0.8497267759562842, 1.0], "auc_scores": 0.9858606557377049, "acc": 0.9704433497536946, "sens": 0.8, "spec": 0.9890710382513661, "f1": 0.8421052631578948, "mcc": 0.8272457210672097}