{"tprs": [0.0, 0.011363636363636364, 0.8977272727272727, 0.8977272727272727, 0.9090909090909091, 0.9090909090909091, 0.9204545454545454, 0.9204545454545454, 0.9318181818181818, 0.9318181818181818, 0.9431818181818182, 0.9431818181818182, 0.9545454545454546, 0.9545454545454546, 0.9772727272727273, 0.9772727272727273, 0.9886363636363636, 0.9886363636363636, 1.0, 1.0, 1.0, 1.0, 1.0, 1.0, 1.0, 1.0, 1.0, 1.0, 1.0, 1.0, 1.0, 1.0, 1.0, 1.0, 1.0, 1.0, 1.0, 1.0, 1.0, 1.0, 1.0, 1.0, 1.0, 1.0, 1.0, 1.0], "fprs": [0.0, 0.0, 0.0, 0.0012531328320802004, 0.0012531328320802004, 0.016290726817042606, 0.016290726817042606, 0.023809523809523808, 0.023809523809523808, 0.045112781954887216, 0.045112781954887216, 0.07393483709273183, 0.07393483709273183, 0.08145363408521303, 0.08145363408521303, 0.08395989974937343, 0.08395989974937343, 0.5075187969924813, 0.5075187969924813, 0.5100250626566416, 0.5125313283208021, 0.8333333333333334, 0.8358395989974937, 0.8446115288220551, 0.8471177944862155, 0.8734335839598998, 0.8759398496240601, 0.8884711779448622, 0.8909774436090225, 0.8984962406015038, 0.9010025062656641, 0.9235588972431078, 0.9260651629072681, 0.9323308270676691, 0.9348370927318296, 0.9373433583959899, 0.9398496240601504, 0.9523809523809523, 0.9548872180451128, 0.9598997493734336, 0.9661654135338346, 0.9736842105263158, 0.9761904761904762, 0.9912280701754386, 0.993734335839599, 1.0], "auc_scores": 0.989604693552062, "acc": 0.989841986455982, "sens": 0.9090909090909091, "spec": 0.9987468671679198, "f1": 0.9467455621301774, "mcc": 0.9421294561549312}