{"tprs": [0.0, 0.025, 0.325, 0.325, 0.425, 0.425, 0.825, 0.825, 0.875, 0.875, 0.925, 0.925, 0.95, 0.95, 0.975, 0.975, 1.0, 1.0, 1.0, 1.0, 1.0, 1.0, 1.0, 1.0, 1.0, 1.0, 1.0, 1.0, 1.0, 1.0, 1.0, 1.0, 1.0, 1.0, 1.0, 1.0, 1.0, 1.0, 1.0], "fprs": [0.0, 0.0, 0.0, 0.00273224043715847, 0.00273224043715847, 0.00819672131147541, 0.00819672131147541, 0.01639344262295082, 0.01639344262295082, 0.02185792349726776, 0.02185792349726776, 0.03825136612021858, 0.03825136612021858, 0.060109289617486336, 0.060109289617486336, 0.14754098360655737, 0.14754098360655737, 0.37158469945355194, 0.3825136612021858, 0.45081967213114754, 0.4644808743169399, 0.46994535519125685, 0.4918032786885246, 0.5027322404371585, 0.505464480874317, 0.5109289617486339, 0.5136612021857924, 0.5191256830601093, 0.5355191256830601, 0.5628415300546448, 0.5737704918032787, 0.5819672131147541, 0.5846994535519126, 0.5983606557377049, 0.6202185792349727, 0.6311475409836066, 0.644808743169399, 0.6502732240437158, 1.0], "auc_scores": 0.9883879781420766, "acc": 0.9679802955665024, "sens": 0.75, "spec": 0.9918032786885246, "f1": 0.821917808219178, "mcc": 0.8089988440197329}