{"tprs": [0.0, 0.01818181818181818, 0.9454545454545454, 0.9454545454545454, 0.9636363636363636, 0.9636363636363636, 1.0, 1.0, 1.0, 1.0], "fprs": [0.0, 0.0, 0.0, 0.004048582995951417, 0.004048582995951417, 0.018218623481781375, 0.018218623481781375, 0.9068825910931174, 0.9109311740890689, 1.0], "auc_scores": 0.9992638940007361, "acc": 0.994535519125683, "sens": 0.9454545454545454, "spec": 1.0, "f1": 0.9719626168224299, "mcc": 0.9694057851938448}