{"tprs": [0.0, 0.01818181818181818, 0.05454545454545454, 0.07272727272727272, 0.21818181818181817, 0.2545454545454545, 0.3090909090909091, 0.41818181818181815, 0.4727272727272727, 0.5818181818181818, 0.6, 0.6363636363636364, 0.6727272727272727, 0.7454545454545455, 1.0, 1.0, 1.0, 1.0, 1.0, 1.0, 1.0, 1.0, 1.0, 1.0, 1.0, 1.0, 1.0, 1.0, 1.0, 1.0, 1.0, 1.0, 1.0, 1.0, 1.0, 1.0, 1.0, 1.0, 1.0, 1.0, 1.0, 1.0, 1.0, 1.0, 1.0, 1.0], "fprs": [0.0, 0.0, 0.0, 0.0, 0.0, 0.0, 0.0, 0.0, 0.0, 0.0, 0.0, 0.0, 0.0, 0.0, 0.0, 0.016194331983805668, 0.020242914979757085, 0.02631578947368421, 0.032388663967611336, 0.03441295546558704, 0.04251012145748988, 0.0465587044534413, 0.05060728744939271, 0.05668016194331984, 0.06275303643724696, 0.0708502024291498, 0.07489878542510121, 0.08299595141700405, 0.08502024291497975, 0.0931174089068826, 0.10121457489878542, 0.10931174089068826, 0.1214574898785425, 0.12550607287449392, 0.1396761133603239, 0.14777327935222673, 0.15991902834008098, 0.1680161943319838, 0.1862348178137652, 0.20242914979757085, 0.22064777327935223, 0.2611336032388664, 0.27125506072874495, 0.3117408906882591, 0.39068825910931176, 1.0], "auc_scores": 1.0, "acc": 0.994535519125683, "sens": 0.9454545454545454, "spec": 1.0, "f1": 0.9719626168224299, "mcc": 0.9694057851938448}