{"tprs": [0.0, 0.025, 0.05, 0.1, 0.125, 0.125, 0.15, 0.225, 0.275, 0.4, 0.4, 0.45, 0.525, 0.525, 0.85, 0.85, 0.875, 0.875, 0.875, 0.925, 0.925, 0.925, 0.925, 0.925, 0.925, 0.925, 0.925, 0.925, 0.925, 0.925, 0.925, 0.925, 0.925, 0.95, 0.95, 0.95, 0.95, 0.95, 0.95, 0.975, 0.975, 0.975, 1.0, 1.0, 1.0, 1.0, 1.0, 1.0, 1.0], "fprs": [0.0, 0.0, 0.0, 0.0, 0.0, 0.00273224043715847, 0.00273224043715847, 0.00273224043715847, 0.00273224043715847, 0.00273224043715847, 0.00819672131147541, 0.00819672131147541, 0.00819672131147541, 0.01092896174863388, 0.01092896174863388, 0.01366120218579235, 0.01366120218579235, 0.01912568306010929, 0.02185792349726776, 0.02185792349726776, 0.02459016393442623, 0.03278688524590164, 0.04371584699453552, 0.0546448087431694, 0.05737704918032787, 0.06284153005464481, 0.07103825136612021, 0.07650273224043716, 0.07923497267759563, 0.08469945355191257, 0.08743169398907104, 0.09289617486338798, 0.1092896174863388, 0.11475409836065574, 0.12568306010928962, 0.13114754098360656, 0.13934426229508196, 0.16393442622950818, 0.18579234972677597, 0.1912568306010929, 0.22131147540983606, 0.2568306010928962, 0.2978142076502732, 0.3360655737704918, 0.4098360655737705, 0.5519125683060109, 0.953551912568306, 0.994535519125683, 1.0], "auc_scores": 0.9787909836065574, "acc": 0.9605911330049262, "sens": 0.7, "spec": 0.9890710382513661, "f1": 0.7777777777777777, "mcc": 0.7621206776463323}