{"tprs": [0.0, 0.022727272727272728, 0.06818181818181818, 0.09090909090909091, 0.13636363636363635, 0.1590909090909091, 0.19318181818181818, 0.2840909090909091, 0.29545454545454547, 0.3977272727272727, 0.4772727272727273, 0.5227272727272727, 0.5340909090909091, 0.5681818181818182, 0.5909090909090909, 0.6363636363636364, 0.6590909090909091, 0.6818181818181818, 0.7159090909090909, 0.7386363636363636, 0.75, 0.7727272727272727, 0.7954545454545454, 0.8181818181818182, 0.9090909090909091, 0.9090909090909091, 0.9204545454545454, 0.9204545454545454, 0.9318181818181818, 0.9431818181818182, 0.9431818181818182, 0.9545454545454546, 0.9545454545454546, 0.9545454545454546, 0.9545454545454546, 0.9545454545454546, 0.9545454545454546, 0.9659090909090909, 0.9659090909090909, 0.9659090909090909, 0.9659090909090909, 0.9659090909090909, 0.9659090909090909, 0.9659090909090909, 0.9659090909090909, 0.9659090909090909, 0.9659090909090909, 0.9659090909090909, 0.9659090909090909, 0.9659090909090909, 0.9659090909090909, 0.9659090909090909, 0.9772727272727273, 0.9772727272727273, 0.9772727272727273, 0.9772727272727273, 0.9772727272727273, 0.9772727272727273, 0.9772727272727273, 0.9772727272727273, 0.9772727272727273, 0.9772727272727273, 0.9772727272727273, 0.9772727272727273, 0.9772727272727273, 0.9772727272727273, 0.9772727272727273, 0.9772727272727273, 0.9772727272727273, 0.9772727272727273, 0.9772727272727273, 0.9772727272727273, 0.9772727272727273, 0.9886363636363636, 0.9886363636363636, 0.9886363636363636, 0.9886363636363636, 0.9886363636363636, 0.9886363636363636, 0.9886363636363636, 0.9886363636363636, 1.0, 1.0], "fprs": [0.0, 0.0, 0.0, 0.0, 0.0, 0.0, 0.0, 0.0, 0.0, 0.0, 0.0, 0.0, 0.0, 0.0, 0.0, 0.0, 0.0, 0.0, 0.0, 0.0, 0.0, 0.0, 0.0, 0.0, 0.0, 0.006265664160401002, 0.007518796992481203, 0.012531328320802004, 0.012531328320802004, 0.015037593984962405, 0.022556390977443608, 0.022556390977443608, 0.02506265664160401, 0.02882205513784461, 0.03132832080200501, 0.03258145363408521, 0.03508771929824561, 0.03634085213032581, 0.03884711779448621, 0.043859649122807015, 0.047619047619047616, 0.04887218045112782, 0.05639097744360902, 0.05764411027568922, 0.06015037593984962, 0.06140350877192982, 0.07142857142857142, 0.07769423558897243, 0.08521303258145363, 0.08897243107769423, 0.09398496240601503, 0.09774436090225563, 0.10150375939849623, 0.11152882205513784, 0.11528822055137844, 0.11779448621553884, 0.12280701754385964, 0.12656641604010024, 0.13157894736842105, 0.14160401002506265, 0.15037593984962405, 0.15664160401002505, 0.17167919799498746, 0.17919799498746866, 0.19047619047619047, 0.19423558897243107, 0.20551378446115287, 0.21804511278195488, 0.22305764411027568, 0.23809523809523808, 0.2506265664160401, 0.2644110275689223, 0.2857142857142857, 0.3082706766917293, 0.32957393483709274, 0.3558897243107769, 0.37593984962406013, 0.40977443609022557, 0.4523809523809524, 0.5012531328320802, 0.5776942355889725, 0.7531328320802005, 1.0], "auc_scores": 0.9868919457735247, "acc": 0.9909706546275395, "sens": 0.9090909090909091, "spec": 1.0, "f1": 0.9523809523809523, "mcc": 0.948718964847453}